Year,score
2017,0.8659
2018,0.6433178571428569
2019,0.5374530412673559
2020,0.28917447302262506
2021,-0.234207789142408
2022,-0.23983600713012498